Fecha,Nombre,Telefono,Correo,ResumenIA,SolicitudOriginal
11/2/2026 22:13:53,	Pedro Sanchez,	56939393939,	benjaminalonsocarmona@gmail.com,	Resumen generado: Quiero una página donde pueda subir fotos de bicic...,	x
11/2/2026 22:32:17,	Carol Lucero,	56939393939,	benjaminalonsocarmona@gmail.com,x,		IA no disponible
11/2/2026 22:42:31,	Carmencita Flores,	56939393939,	benjaminalonsocarmona@gmail.com,x,		Por el momento no ha proporcionado ninguna solicitud para resumir. Por favor faciliteme la información específica de la que desea un resumen profesional.
11/2/2026 23:12:07,	Panchita Cespedes,	56938763560,	poohblete@gmail.com,	Solicito la creación de una página web para subir y gestionar imágenes de mis botones.,	x
11/2/2026 23:23:14,	Camila Soto,	56939393939,	benjaminalonsocarmona@gmail.com,	Solicito la creación de una página web para el almacenamiento y visualización de fotografías relacionadas con los colegios.,	x
11/2/2026 23:32:49,	Constanza Perez,	56939393939,	poohblete@gmail.com,	Quiero una pagina para ver lugares que he visitado.,	Solicitud de creación de un sitio web para visualizar lugares visitados.2026-02-13 18:11:30,Evaristo Acuña,56939393939,benjaminalonsocarmona@gmail.com,Quiero crear una pagina web que sea amigable para mostrar mis fotos de viajes a cruceros,PROCESANDO...
2026-02-13 18:11:30,Evaristo Acuña,56939393939,benjaminalonsocarmona@gmail.com,Quiero crear una pagina web que sea amigable para mostrar mis fotos de viajes a cruceros,"**1. Tipo de proyecto:** Desarrollo de interfaz web

**Resumen técnico sencillo:** Usted quiere una página web para mostrar tus fotos de viajes a cruceros, lo cual es un excelente objetivo que permite a tu público ver y compartir tus aventuras marítimas con facilidad. En términos técnicos, este proyecto se enfoca en la creación de una interfaz web amigable y responsive que almacene, organice y muestre tus fotos de manera eficiente.

**Cierre de factibilidad:** Entendemos el deseo de mostrar tus viajes a cruceros de manera impactante. Nuestro equipo realizará un análisis profundo para diseñar una solución óptima. Te enviaremos un plan con una propuesta detallada que incluirá todas las funcionalidades necesarias, como galerías avanzadas, búsqueda personalizada y opciones de compartir fácilmente tus imágenes en redes sociales. Esperamos tu correo para recibir más detalles sobre cómo podemos trabajar juntos para lograr este objetivo."
2026-02-13 20:42:32,Benjamin,56938383838,benjaminalonsocarmona@gmail.com,Quiero una pagina para poder subir fotos de piedras,PROCESANDO...
2026-02-13 20:42:32,Benjamin,56938383838,benjaminalonsocarmona@gmail.com,Quiero una pagina para poder subir fotos de piedras,"1. Tipo de Proyecto: Desarrollo de Interfaz Web
2. Resumen Técnico Sencillo: El cliente desea una página web donde pueda subir fotos de piedras. Esto implica la creación de una aplicación web responsive que permita a los usuarios navegar por el sitio, seleccionar archivos de su dispositivo y subirlos al servidor para su visualización en galerías o páginas individuales. Esta solución mejorará significativamente la experiencia del usuario al hacer todo el proceso intuitivo y fácil.
3. Cierre de Factibilidad: Entendemos que este proyecto es importante para su negocio. Nuestro equipo realizará un análisis a fondo para definir las necesidades específicas de su página web, luego le enviaremos un plan con una propuesta y presupuesto. Estamos aquí para ayudarlo a optimizar la experiencia del usuario al subir fotos de piedras."
2026-02-13 23:29:42,Benjamin,56938383838,benjaminalonsocarmona@gmail.com,Quiero una pagina web para poder subir fotos de mis hormigas,PROCESANDO...
2026-02-13 23:29:42,Benjamin,56938383838,benjaminalonsocarmona@gmail.com,Quiero una pagina web para poder subir fotos de mis hormigas,"1. Tipo de proyecto: Creación de sitio web para subir fotos.
2. Resumen técnico: Entendemos que necesitas un espacio para compartir tus imágenes de hormigas. Diseñaremos una página web responsive con galería de alta calidad, lo que mejorará la experiencia del usuario y facilitará el acceso a tu contenido desde cualquier dispositivo.
3. Próximos pasos: Nuestro equipo analizará detalladamente tu solicitud y te enviará una propuesta personalizada en 24-48 horas para comenzar con tu proyecto web."
